Accession	Organism	Strain	Segment	Host	Country	CollectionDate	Product	ProteinID
MG659795	Rift Valley fever virus	NA	M	NA	NA	NA	glycoprotein	AYA44402.1
MG659833	Rift Valley fever virus	NA	L	NA	NA	NA	polymerase	AYA44440.1
KX944850	Rift Valley fever virus	NA	L	NA	NA	NA	polymerase	AVG71034.1
DQ380167	Rift Valley fever virus	NA	S	NA	NA	NA	non-structural protein;nucleocapsid	ABD38764.1;ABD38765.1
KX944863	Rift Valley fever virus	NA	L	NA	NA	NA	polymerase	AVG71047.1
MG659798	Rift Valley fever virus	NA	M	NA	NA	NA	glycoprotein	AYA44405.1
MG659788	Rift Valley fever virus	NA	M	NA	NA	NA	glycoprotein	AYA44395.1
MG659965	Rift Valley fever virus	NA	S	NA	NA	NA	nonstructural protein;nucleocapsid	AYA44632.1;AYA44633.1
KY196491	Rift Valley fever virus	NA	S	NA	NA	NA	nonstructural protein;nucleocapsid	AQZ54766.1;AQZ54767.1
MG659860	Rift Valley fever virus	NA	L	NA	NA	NA	polymerase	AYA44467.1
KX944857	Rift Valley fever virus	NA	L	NA	NA	NA	polymerase	AVG71041.1
MG659969	Rift Valley fever virus	NA	S	NA	NA	NA	nonstructural protein;nucleocapsid	AYA44640.1;AYA44641.1
MG659870	Rift Valley fever virus	NA	L	NA	NA	NA	polymerase	AYA44477.1
MG659810	Rift Valley fever virus	NA	M	NA	NA	NA	glycoprotein	AYA44417.1
KY196503	Rift Valley fever virus	NA	S	NA	NA	NA	nonstructural protein;nucleocapsid	AQZ54790.1;AQZ54791.1
KY126692	Rift Valley fever virus	NA	M	NA	NA	NA	glycoprotein	AQZ54735.1
MG659858	Rift Valley fever virus	NA	L	NA	NA	NA	polymerase	AYA44465.1
KY196499	Rift Valley fever virus	NA	S	NA	NA	NA	nonstructural protein;nucleocapsid	AQZ54782.1;AQZ54783.1
KY196490	Rift Valley fever virus	NA	S	NA	NA	NA	nonstructural protein;nucleocapsid	AQZ54764.1;AQZ54765.1
KY196504	Rift Valley fever virus	NA	S	NA	NA	NA	nonstructural protein;nucleocapsid	AQZ54792.1;AQZ54793.1
MG659851	Rift Valley fever virus	NA	L	NA	NA	NA	polymerase	AYA44458.1
MG659830	Rift Valley fever virus	NA	L	NA	NA	NA	polymerase	AYA44437.1
KX944826	Rift Valley fever virus	NA	M	NA	NA	NA	glycoprotein	ATP66937.1
MG659853	Rift Valley fever virus	NA	L	NA	NA	NA	polymerase	AYA44460.1
KY196506	Rift Valley fever virus	NA	S	NA	NA	NA	nonstructural protein;nucleocapsid	AQZ54796.1;AQZ54797.1
MG659970	Rift Valley fever virus	NA	S	NA	NA	NA	nonstructural protein;nucleocapsid	AYA44642.1;AYA44643.1
MG659922	Rift Valley fever virus	NA	S	NA	NA	NA	nonstructural protein;nucleocapsid	AYA44546.1;AYA44547.1
KX944839	Rift Valley fever virus	NA	M	NA	NA	NA	glycoprotein	ATP66950.1
MG659800	Rift Valley fever virus	NA	M	NA	NA	NA	glycoprotein	AYA44407.1
KY126691	Rift Valley fever virus	NA	M	NA	NA	NA	glycoprotein	AQZ54734.1
KY126679	Rift Valley fever virus	NA	L	NA	NA	NA	polymerase	AQZ54722.1
MG659926	Rift Valley fever virus	NA	S	NA	NA	NA	nonstructural protein;nucleocapsid	AYA44554.1;AYA44555.1
KY196488	Rift Valley fever virus	NA	S	NA	NA	NA	nonstructural protein;nucleocapsid	AQZ54760.1;AQZ54761.1
DQ380161	Rift Valley fever virus	NA	S	NA	NA	NA	non-structural protein;nucleocapsid	ABD38752.1;ABD38753.1
MG659758	Rift Valley fever virus	NA	M	NA	NA	NA	glycoprotein	AYA44365.1
KY126689	Rift Valley fever virus	NA	L	NA	NA	NA	polymerase	AQZ54732.1
MG659882	Rift Valley fever virus	NA	L	NA	NA	NA	polymerase	AYA44489.1
KX944870	Rift Valley fever virus	NA	L	NA	NA	NA	polymerase	AVG71054.1
MG659770	Rift Valley fever virus	NA	M	NA	NA	NA	glycoprotein	AYA44377.1
KX944818	Rift Valley fever virus	NA	S	NA	NA	NA	nonstructural protein;nucleocapsid protein	ATP66921.1;ATP66922.1
KY196498	Rift Valley fever virus	NA	S	NA	NA	NA	nonstructural protein;nucleocapsid	AQZ54780.1;AQZ54781.1
MG659774	Rift Valley fever virus	NA	M	NA	NA	NA	glycoprotein	AYA44381.1
KX944803	Rift Valley fever virus	NA	S	NA	NA	NA	nonstructural protein;nucleocapsid protein	ATP66891.1;ATP66892.1
KY126672	Rift Valley fever virus	NA	L	NA	NA	NA	polymerase	AQZ54715.1
KY196507	Rift Valley fever virus	NA	S	NA	NA	NA	nonstructural protein;nucleocapsid	AQZ54798.1;AQZ54799.1
MG659827	Rift Valley fever virus	NA	L	NA	NA	NA	polymerase	AYA44434.1
MG659914	Rift Valley fever virus	NA	S	NA	NA	NA	nonstructural protein;nucleocapsid	AYA44530.1;AYA44531.1
EU312127	Rift Valley fever virus	NA	S	NA	NA	NA	NSs;NP	ACA14402.1;ACA14403.1
KY126676	Rift Valley fever virus	NA	L	NA	NA	NA	polymerase	AQZ54719.1
MG659960	Rift Valley fever virus	NA	S	NA	NA	NA	nonstructural protein;nucleocapsid	AYA44622.1;AYA44623.1
MG659854	Rift Valley fever virus	NA	L	NA	NA	NA	polymerase	AYA44461.1
KX944849	Rift Valley fever virus	NA	L	NA	NA	NA	polymerase	AVG71033.1
MG659839	Rift Valley fever virus	NA	L	NA	NA	NA	polymerase	AYA44446.1
KX944827	Rift Valley fever virus	NA	M	NA	NA	NA	glycoprotein	ATP66938.1
MG659764	Rift Valley fever virus	NA	M	NA	NA	NA	glycoprotein	AYA44371.1
OP146105	Rift Valley fever virus	NA	M	NA	NA	NA	glycoprotein	WEU75153.1
KX944834	Rift Valley fever virus	NA	M	NA	NA	NA	glycoprotein	ATP66945.1
MG659780	Rift Valley fever virus	NA	M	NA	NA	NA	glycoprotein	AYA44387.1
MG659883	Rift Valley fever virus	NA	L	NA	NA	NA	polymerase	AYA44490.1
JQ068143	Rift Valley fever virus	NA	M	NA	NA	NA	NSmGnGc	AFD98306.1
MG659842	Rift Valley fever virus	NA	L	NA	NA	NA	polymerase	AYA44449.1
MG659736	Rift Valley fever virus	NA	M	NA	NA	NA	glycoprotein	AYA44343.1
OP146106	Rift Valley fever virus	NA	S	NA	NA	NA	nonstructural protein;nucleocapsid	WEU75156.1;WEU75157.1
KY126670	Rift Valley fever virus	NA	L	NA	NA	NA	polymerase	AQZ54713.1
MG659846	Rift Valley fever virus	NA	L	NA	NA	NA	polymerase	AYA44453.1
MG659875	Rift Valley fever virus	NA	L	NA	NA	NA	polymerase	AYA44482.1
MG659953	Rift Valley fever virus	NA	S	NA	NA	NA	nonstructural protein;nucleocapsid	AYA44608.1;AYA44609.1
MG659941	Rift Valley fever virus	NA	S	NA	NA	NA	nonstructural protein;nucleocapsid	AYA44584.1;AYA44585.1
MG659889	Rift Valley fever virus	NA	L	NA	NA	NA	polymerase	AYA44496.1
MG659920	Rift Valley fever virus	NA	S	NA	NA	NA	nonstructural protein;nucleocapsid	AYA44542.1;AYA44543.1
MG659820	Rift Valley fever virus	NA	L	NA	NA	NA	polymerase	AYA44427.1
KY196494	Rift Valley fever virus	NA	S	NA	NA	NA	nonstructural protein;nucleocapsid	AQZ54772.1;AQZ54773.1
MG659934	Rift Valley fever virus	NA	S	NA	NA	NA	nonstructural protein;nucleocapsid	AYA44570.1;AYA44571.1
MG659751	Rift Valley fever virus	NA	M	NA	NA	NA	glycoprotein	AYA44358.1
MG659739	Rift Valley fever virus	NA	M	NA	NA	NA	glycoprotein	AYA44346.1
MG659734	Rift Valley fever virus	NA	M	NA	NA	NA	glycoprotein	AYA44341.1
MG659761	Rift Valley fever virus	NA	M	NA	NA	NA	glycoprotein	AYA44368.1
MG659797	Rift Valley fever virus	NA	M	NA	NA	NA	glycoprotein	AYA44404.1
KY196495	Rift Valley fever virus	NA	S	NA	NA	NA	nonstructural protein;nucleocapsid	AQZ54774.1;AQZ54775.1
KY126713	Rift Valley fever virus	NA	M	NA	NA	NA	glycoprotein	AQZ54756.1
KY196487	Rift Valley fever virus	NA	S	NA	NA	NA	nonstructural protein;nucleocapsid	AQZ54758.1;AQZ54759.1
MG659946	Rift Valley fever virus	NA	S	NA	NA	NA	nonstructural protein;nucleocapsid	AYA44594.1;AYA44595.1
DQ375425	Rift Valley fever virus	NA	L	NA	NA	NA	polymerase	ABD51529.1
KY126693	Rift Valley fever virus	NA	M	NA	NA	NA	glycoprotein	AQZ54736.1
EU312122	Rift Valley fever virus	NA	S	NA	NA	NA	NSs;NP	ACA14392.1;ACA14393.1
KX944845	Rift Valley fever virus	NA	M	NA	NA	NA	glycoprotein	ATP66956.1
MG659775	Rift Valley fever virus	NA	M	NA	NA	NA	glycoprotein	AYA44382.1
MG659763	Rift Valley fever virus	NA	M	NA	NA	NA	glycoprotein	AYA44370.1
MG659908	Rift Valley fever virus	NA	S	NA	NA	NA	nonstructural protein;nucleocapsid	AYA44518.1;AYA44519.1
KX944836	Rift Valley fever virus	NA	M	NA	NA	NA	glycoprotein	ATP66947.1
MG659877	Rift Valley fever virus	NA	L	NA	NA	NA	polymerase	AYA44484.1
DQ380160	Rift Valley fever virus	NA	S	NA	NA	NA	non-structural protein;nucleocapsid	ABD38750.1;ABD38751.1
DQ380218	Rift Valley fever virus	NA	M	NA	NA	NA	glycoprotein	ABD38831.1
KJ782454	Rift Valley fever virus	NA	L	NA	NA	NA	polymerase	AJQ19493.1
KY196510	Rift Valley fever virus	NA	S	NA	NA	NA	nonstructural protein;nucleocapsid	AQZ54804.1;AQZ54805.1
MG659881	Rift Valley fever virus	NA	L	NA	NA	NA	polymerase	AYA44488.1
EU312113	Rift Valley fever virus	NA	S	NA	NA	NA	NSs;NP	ACA14374.1;ACA14375.1
KX944825	Rift Valley fever virus	NA	S	NA	NA	NA	nonstructural protein;nucleocapsid protein	ATP66935.1;ATP66936.1
MG659912	Rift Valley fever virus	NA	S	NA	NA	NA	nonstructural protein;nucleocapsid	AYA44526.1;AYA44527.1
DQ380163	Rift Valley fever virus	NA	S	NA	NA	NA	non-structural protein;nucleocapsid	ABD38756.1;ABD38757.1
KY126710	Rift Valley fever virus	NA	M	NA	NA	NA	glycoprotein	AQZ54753.1
KY196509	Rift Valley fever virus	NA	S	NA	NA	NA	nonstructural protein;nucleocapsid	AQZ54802.1;AQZ54803.1
KX944816	Rift Valley fever virus	NA	S	NA	NA	NA	nonstructural protein;nucleocapsid protein	ATP66917.1;ATP66918.1
MG659862	Rift Valley fever virus	NA	L	NA	NA	NA	polymerase	AYA44469.1
KX944842	Rift Valley fever virus	NA	M	NA	NA	NA	glycoprotein	ATP66953.1
DQ380217	Rift Valley fever virus	NA	M	NA	NA	NA	glycoprotein	ABD38830.1
MG659747	Rift Valley fever virus	NA	M	NA	NA	NA	glycoprotein	AYA44354.1
MG659845	Rift Valley fever virus	NA	L	NA	NA	NA	polymerase	AYA44452.1
MG659918	Rift Valley fever virus	NA	S	NA	NA	NA	nonstructural protein;nucleocapsid	AYA44538.1;AYA44539.1
MG659948	Rift Valley fever virus	NA	S	NA	NA	NA	nonstructural protein;nucleocapsid	AYA44598.1;AYA44599.1
JQ068144	Rift Valley fever virus	NA	L	NA	NA	NA	polymerase	AFD98307.1
MG659972	Rift Valley fever virus	NA	S	NA	NA	NA	nonstructural protein;nucleocapsid	AYA44646.1;AYA44647.1
KY126665	Rift Valley fever virus	NA	L	NA	NA	NA	polymerase	AQZ54708.1
KX944823	Rift Valley fever virus	NA	S	NA	NA	NA	nonstructural protein;nucleocapsid protein	ATP66931.1;ATP66932.1
MG659959	Rift Valley fever virus	NA	S	NA	NA	NA	nonstructural protein;nucleocapsid	AYA44620.1;AYA44621.1
MG659895	Rift Valley fever virus	NA	L	NA	NA	NA	polymerase	AYA44502.1
MG659865	Rift Valley fever virus	NA	L	NA	NA	NA	polymerase	AYA44472.1
MG659931	Rift Valley fever virus	NA	S	NA	NA	NA	nonstructural protein;nucleocapsid	AYA44564.1;AYA44565.1
MG659933	Rift Valley fever virus	NA	S	NA	NA	NA	nonstructural protein;nucleocapsid	AYA44568.1;AYA44569.1
MG659837	Rift Valley fever virus	NA	L	NA	NA	NA	polymerase	AYA44444.1
KX944848	Rift Valley fever virus	NA	M	NA	NA	NA	glycoprotein	ATP66959.1
KY126680	Rift Valley fever virus	NA	L	NA	NA	NA	polymerase	AQZ54723.1
MG659880	Rift Valley fever virus	NA	L	NA	NA	NA	polymerase	AYA44487.1
KX944828	Rift Valley fever virus	NA	M	NA	NA	NA	glycoprotein	ATP66939.1
MG659857	Rift Valley fever virus	NA	L	NA	NA	NA	polymerase	AYA44464.1
KX944869	Rift Valley fever virus	NA	L	NA	NA	NA	polymerase	AVG71053.1
DQ375419	Rift Valley fever virus	NA	L	NA	NA	NA	polymerase	ABD51523.1
MG659835	Rift Valley fever virus	NA	L	NA	NA	NA	polymerase	AYA44442.1
MG659930	Rift Valley fever virus	NA	S	NA	NA	NA	nonstructural protein;nucleocapsid	AYA44562.1;AYA44563.1
KY126667	Rift Valley fever virus	NA	L	NA	NA	NA	polymerase	AQZ54710.1
KX944835	Rift Valley fever virus	NA	M	NA	NA	NA	glycoprotein	ATP66946.1
MG659772	Rift Valley fever virus	NA	M	NA	NA	NA	glycoprotein	AYA44379.1
MG659750	Rift Valley fever virus	NA	M	NA	NA	NA	glycoprotein	AYA44357.1
KU978776	Rift Valley fever virus	NA	M	NA	NA	NA	M polyprotein	AMZ00431.1
KY196502	Rift Valley fever virus	NA	S	NA	NA	NA	nonstructural protein;nucleocapsid	AQZ54788.1;AQZ54789.1
MG659821	Rift Valley fever virus	NA	L	NA	NA	NA	polymerase	AYA44428.1
KY126671	Rift Valley fever virus	NA	L	NA	NA	NA	polymerase	AQZ54714.1
MG659921	Rift Valley fever virus	NA	S	NA	NA	NA	nonstructural protein;nucleocapsid	AYA44544.1;AYA44545.1
DQ375416	Rift Valley fever virus	NA	L	NA	NA	NA	polymerase	ABD51520.1
MG659808	Rift Valley fever virus	NA	M	NA	NA	NA	glycoprotein	AYA44415.1
KX944851	Rift Valley fever virus	NA	L	NA	NA	NA	polymerase	AVG71035.1
KX944841	Rift Valley fever virus	NA	M	NA	NA	NA	glycoprotein	ATP66952.1
MG659754	Rift Valley fever virus	NA	M	NA	NA	NA	glycoprotein	AYA44361.1
MG659737	Rift Valley fever virus	NA	M	NA	NA	NA	glycoprotein	AYA44344.1
MG659951	Rift Valley fever virus	NA	S	NA	NA	NA	nonstructural protein;nucleocapsid	AYA44604.1;AYA44605.1
JF784387	Rift Valley fever virus	NA	M	NA	NA	NA	NSmGnGc	AEF79993.1
KY126686	Rift Valley fever virus	NA	L	NA	NA	NA	polymerase	AQZ54729.1
KX944804	Rift Valley fever virus	NA	S	NA	NA	NA	nonstructural protein;nucleocapsid protein	ATP66893.1;ATP66894.1
MG659915	Rift Valley fever virus	NA	S	NA	NA	NA	nonstructural protein;nucleocapsid	AYA44532.1;AYA44533.1
MG659848	Rift Valley fever virus	NA	L	NA	NA	NA	polymerase	AYA44455.1
MG659888	Rift Valley fever virus	NA	L	NA	NA	NA	polymerase	AYA44495.1
MG659956	Rift Valley fever virus	NA	S	NA	NA	NA	nonstructural protein;nucleocapsid	AYA44614.1;AYA44615.1
KY126677	Rift Valley fever virus	NA	L	NA	NA	NA	polymerase	AQZ54720.1
KX944840	Rift Valley fever virus	NA	M	NA	NA	NA	glycoprotein	ATP66951.1
MG659822	Rift Valley fever virus	NA	L	NA	NA	NA	polymerase	AYA44429.1
DQ380172	Rift Valley fever virus	NA	S	NA	NA	NA	non-structural protein;nucleocapsid	ABD38774.1;ABD38775.1
DQ380212	Rift Valley fever virus	NA	M	NA	NA	NA	glycoprotein	ABD38825.1
MG659757	Rift Valley fever virus	NA	M	NA	NA	NA	glycoprotein	AYA44364.1
MG659745	Rift Valley fever virus	NA	M	NA	NA	NA	glycoprotein	AYA44352.1
MG659929	Rift Valley fever virus	NA	S	NA	NA	NA	nonstructural protein;nucleocapsid	AYA44560.1;AYA44561.1
MG659864	Rift Valley fever virus	NA	L	NA	NA	NA	polymerase	AYA44471.1
MG659890	Rift Valley fever virus	NA	L	NA	NA	NA	polymerase	AYA44497.1
MG659746	Rift Valley fever virus	NA	M	NA	NA	NA	glycoprotein	AYA44353.1
DQ380162	Rift Valley fever virus	NA	S	NA	NA	NA	non-structural protein;nucleocapsid	ABD38754.1;ABD38755.1
KX944861	Rift Valley fever virus	NA	L	NA	NA	NA	polymerase	AVG71045.1
KJ782453	Rift Valley fever virus	NA	M	NA	NA	NA	glycoprotein	AJQ19492.1
JF784388	Rift Valley fever virus	NA	S	NA	NA	NA	non-structural protein;nucleocapsid protein	AEF79995.1;AEF79994.1
EU709747	Rift Valley fever virus	NA	S	NA	NA	NA	non-structural protein;nucleocapsid protein	ACH72461.1;ACH72462.1
MG659855	Rift Valley fever virus	NA	L	NA	NA	NA	polymerase	AYA44462.1
KJ782457	Rift Valley fever virus	NA	L	NA	NA	NA	L-polymerase	AJQ19497.1
DQ375433	Rift Valley fever virus	NA	L	NA	NA	NA	polymerase	ABD51537.1
MG659743	Rift Valley fever virus	NA	M	NA	NA	NA	glycoprotein	AYA44350.1
MG659806	Rift Valley fever virus	NA	M	NA	NA	NA	glycoprotein	AYA44413.1
MG659777	Rift Valley fever virus	NA	M	NA	NA	NA	glycoprotein	AYA44384.1
DQ375423	Rift Valley fever virus	NA	L	NA	NA	NA	polymerase	ABD51527.1
KX944812	Rift Valley fever virus	NA	S	NA	NA	NA	nonstructural protein;nucleocapsid protein	ATP66909.1;ATP66910.1
KY126697	Rift Valley fever virus	NA	M	NA	NA	NA	glycoprotein	AQZ54740.1
KX944853	Rift Valley fever virus	NA	L	NA	NA	NA	polymerase	AVG71037.1
EF530207	Rift Valley fever virus	NA	S	NA	NA	NA	nucleoprotein	ABP88854.1
MG659744	Rift Valley fever virus	NA	M	NA	NA	NA	glycoprotein	AYA44351.1
DQ375417	Rift Valley fever virus	NA	L	NA	NA	NA	polymerase	ABD51521.1
MG659783	Rift Valley fever virus	NA	M	NA	NA	NA	glycoprotein	AYA44390.1
KX944808	Rift Valley fever virus	NA	S	NA	NA	NA	nonstructural protein;nucleocapsid protein	ATP66901.1;ATP66902.1
MG659782	Rift Valley fever virus	NA	M	NA	NA	NA	glycoprotein	AYA44389.1
KY126684	Rift Valley fever virus	NA	L	NA	NA	NA	polymerase	AQZ54727.1
KX944852	Rift Valley fever virus	NA	L	NA	NA	NA	polymerase	AVG71036.1
KY196489	Rift Valley fever virus	NA	S	NA	NA	NA	nonstructural protein;nucleocapsid	AQZ54762.1;AQZ54763.1
MG659787	Rift Valley fever virus	NA	M	NA	NA	NA	glycoprotein	AYA44394.1
KX944855	Rift Valley fever virus	NA	L	NA	NA	NA	polymerase	AVG71039.1
MG659779	Rift Valley fever virus	NA	M	NA	NA	NA	glycoprotein	AYA44386.1
KY126706	Rift Valley fever virus	NA	M	NA	NA	NA	glycoprotein	AQZ54749.1
MG659752	Rift Valley fever virus	NA	M	NA	NA	NA	glycoprotein	AYA44359.1
MG659867	Rift Valley fever virus	NA	L	NA	NA	NA	polymerase	AYA44474.1
MG659866	Rift Valley fever virus	NA	L	NA	NA	NA	polymerase	AYA44473.1
MG659878	Rift Valley fever virus	NA	L	NA	NA	NA	polymerase	AYA44485.1
MG659874	Rift Valley fever virus	NA	L	NA	NA	NA	polymerase	AYA44481.1
MG659939	Rift Valley fever virus	NA	S	NA	NA	NA	nonstructural protein;nucleocapsid	AYA44580.1;AYA44581.1
MG659785	Rift Valley fever virus	NA	M	NA	NA	NA	glycoprotein	AYA44392.1
MG659876	Rift Valley fever virus	NA	L	NA	NA	NA	polymerase	AYA44483.1
JQ068142	Rift Valley fever virus	NA	S	NA	NA	NA	nucleocapsid protein;non-structural protein	AFD98304.1;AFD98305.1
MG659962	Rift Valley fever virus	NA	S	NA	NA	NA	nonstructural protein;nucleocapsid	AYA44626.1;AYA44627.1
KY126694	Rift Valley fever virus	NA	M	NA	NA	NA	glycoprotein	AQZ54737.1
KY126696	Rift Valley fever virus	NA	M	NA	NA	NA	glycoprotein	AQZ54739.1
KX944805	Rift Valley fever virus	NA	S	NA	NA	NA	nonstructural protein;nucleocapsid protein	ATP66895.1;ATP66896.1
MG659938	Rift Valley fever virus	NA	S	NA	NA	NA	nonstructural protein;nucleocapsid	AYA44578.1;AYA44579.1
KY126702	Rift Valley fever virus	NA	M	NA	NA	NA	glycoprotein	AQZ54745.1
MG659765	Rift Valley fever virus	NA	M	NA	NA	NA	glycoprotein	AYA44372.1
KY126688	Rift Valley fever virus	NA	L	NA	NA	NA	polymerase	AQZ54731.1
KY126711	Rift Valley fever virus	NA	M	NA	NA	NA	glycoprotein	AQZ54754.1
KX944833	Rift Valley fever virus	NA	M	NA	NA	NA	glycoprotein	ATP66944.1
MG659868	Rift Valley fever virus	NA	L	NA	NA	NA	polymerase	AYA44475.1
MG659869	Rift Valley fever virus	NA	L	NA	NA	NA	polymerase	AYA44476.1
MG659919	Rift Valley fever virus	NA	S	NA	NA	NA	nonstructural protein;nucleocapsid	AYA44540.1;AYA44541.1
KY126695	Rift Valley fever virus	NA	M	NA	NA	NA	glycoprotein	AQZ54738.1
MG659942	Rift Valley fever virus	NA	S	NA	NA	NA	nonstructural protein;nucleocapsid	AYA44586.1;AYA44587.1
MG659856	Rift Valley fever virus	NA	L	NA	NA	NA	polymerase	AYA44463.1
KY196511	Rift Valley fever virus	NA	S	NA	NA	NA	nonstructural protein;nucleocapsid	AQZ54806.1;AQZ54807.1
KY196505	Rift Valley fever virus	NA	S	NA	NA	NA	nonstructural protein;nucleocapsid	AQZ54794.1;AQZ54795.1
KU978779	Rift Valley fever virus	NA	L	NA	NA	NA	hypothetical protein	AMZ00430.1
KY126708	Rift Valley fever virus	NA	M	NA	NA	NA	glycoprotein	AQZ54751.1
MG659844	Rift Valley fever virus	NA	L	NA	NA	NA	polymerase	AYA44451.1
MG659738	Rift Valley fever virus	NA	M	NA	NA	NA	glycoprotein	AYA44345.1
MG659887	Rift Valley fever virus	NA	L	NA	NA	NA	polymerase	AYA44494.1
KY126668	Rift Valley fever virus	NA	L	NA	NA	NA	polymerase	AQZ54711.1
MG659809	Rift Valley fever virus	NA	M	NA	NA	NA	glycoprotein	AYA44416.1
MG659906	Rift Valley fever virus	NA	S	NA	NA	NA	nonstructural protein;nucleocapsid	AYA44514.1;AYA44515.1
MG659781	Rift Valley fever virus	NA	M	NA	NA	NA	glycoprotein	AYA44388.1
MG659804	Rift Valley fever virus	NA	M	NA	NA	NA	glycoprotein	AYA44411.1
JF784386	Rift Valley fever virus	NA	L	NA	NA	NA	polymerase	AEF79992.1
KX944859	Rift Valley fever virus	NA	L	NA	NA	NA	polymerase	AVG71043.1
MG659760	Rift Valley fever virus	NA	M	NA	NA	NA	glycoprotein	AYA44367.1
KY126704	Rift Valley fever virus	NA	M	NA	NA	NA	glycoprotein	AQZ54747.1
KX944864	Rift Valley fever virus	NA	L	NA	NA	NA	polymerase	AVG71048.1
KJ782452	Rift Valley fever virus	NA	S	NA	NA	NA	nonstructural protein;nucleocapsid	AJQ19490.1;AJQ19491.1
MG659762	Rift Valley fever virus	NA	M	NA	NA	NA	glycoprotein	AYA44369.1
MG659850	Rift Valley fever virus	NA	L	NA	NA	NA	polymerase	AYA44457.1
MG659885	Rift Valley fever virus	NA	L	NA	NA	NA	polymerase	AYA44492.1
MG659917	Rift Valley fever virus	NA	S	NA	NA	NA	nonstructural protein;nucleocapsid	AYA44536.1;AYA44537.1
KY126682	Rift Valley fever virus	NA	L	NA	NA	NA	polymerase	AQZ54725.1
KX944844	Rift Valley fever virus	NA	M	NA	NA	NA	glycoprotein	ATP66955.1
KY126705	Rift Valley fever virus	NA	M	NA	NA	NA	glycoprotein	AQZ54748.1
KY126674	Rift Valley fever virus	NA	L	NA	NA	NA	polymerase	AQZ54717.1
MG659859	Rift Valley fever virus	NA	L	NA	NA	NA	polymerase	AYA44466.1
MG659927	Rift Valley fever virus	NA	S	NA	NA	NA	nonstructural protein;nucleocapsid	AYA44556.1;AYA44557.1
MG659975	Rift Valley fever virus	NA	S	NA	NA	NA	nonstructural protein;nucleocapsid	AYA44652.1;AYA44653.1
MG659974	Rift Valley fever virus	NA	S	NA	NA	NA	nonstructural protein;nucleocapsid	AYA44650.1;AYA44651.1
MG659943	Rift Valley fever virus	NA	S	NA	NA	NA	nonstructural protein;nucleocapsid	AYA44588.1;AYA44589.1
DQ380219	Rift Valley fever virus	NA	M	NA	NA	NA	glycoprotein	ABD38832.1
MG659976	Rift Valley fever virus	NA	S	NA	NA	NA	nonstructural protein;nucleocapsid	AYA44654.1;AYA44655.1
MG659733	Rift Valley fever virus	NA	M	NA	NA	NA	glycoprotein	AYA44340.1
MG659819	Rift Valley fever virus	NA	L	NA	NA	NA	polymerase	AYA44426.1
DQ380221	Rift Valley fever virus	NA	M	NA	NA	NA	glycoprotein	ABD38834.1
MG659981	Rift Valley fever virus	NA	S	NA	NA	NA	nonstructural protein;nucleocapsid	AYA44664.1;AYA44665.1
MG659907	Rift Valley fever virus	NA	S	NA	NA	NA	nonstructural protein;nucleocapsid	AYA44516.1;AYA44517.1
MG659916	Rift Valley fever virus	NA	S	NA	NA	NA	nonstructural protein;nucleocapsid	AYA44534.1;AYA44535.1
MG659944	Rift Valley fever virus	NA	S	NA	NA	NA	nonstructural protein;nucleocapsid	AYA44590.1;AYA44591.1
MG659967	Rift Valley fever virus	NA	S	NA	NA	NA	nonstructural protein;nucleocapsid	AYA44636.1;AYA44637.1
MG659936	Rift Valley fever virus	NA	S	NA	NA	NA	nonstructural protein;nucleocapsid	AYA44574.1;AYA44575.1
MG659891	Rift Valley fever virus	NA	L	NA	NA	NA	polymerase	AYA44498.1
MG659879	Rift Valley fever virus	NA	L	NA	NA	NA	polymerase	AYA44486.1
MG659971	Rift Valley fever virus	NA	S	NA	NA	NA	nonstructural protein;nucleocapsid	AYA44644.1;AYA44645.1
KX944868	Rift Valley fever virus	NA	L	NA	NA	NA	polymerase	AVG71052.1
KY126681	Rift Valley fever virus	NA	L	NA	NA	NA	polymerase	AQZ54724.1
KY126683	Rift Valley fever virus	NA	L	NA	NA	NA	polymerase	AQZ54726.1
MG659945	Rift Valley fever virus	NA	S	NA	NA	NA	nonstructural protein;nucleocapsid	AYA44592.1;AYA44593.1
KX944806	Rift Valley fever virus	NA	S	NA	NA	NA	nonstructural protein;nucleocapsid protein	ATP66897.1;ATP66898.1
KY126709	Rift Valley fever virus	NA	M	NA	NA	NA	glycoprotein	AQZ54752.1
KY126699	Rift Valley fever virus	NA	M	NA	NA	NA	glycoprotein	AQZ54742.1
MG659893	Rift Valley fever virus	NA	L	NA	NA	NA	polymerase	AYA44500.1
KY126675	Rift Valley fever virus	NA	L	NA	NA	NA	polymerase	AQZ54718.1
MG659871	Rift Valley fever virus	NA	L	NA	NA	NA	polymerase	AYA44478.1
KX944807	Rift Valley fever virus	NA	S	NA	NA	NA	nonstructural protein;nucleocapsid protein	ATP66899.1;ATP66900.1
MG659932	Rift Valley fever virus	NA	S	NA	NA	NA	nonstructural protein;nucleocapsid	AYA44566.1;AYA44567.1
KX944809	Rift Valley fever virus	NA	S	NA	NA	NA	nonstructural protein;nucleocapsid protein	ATP66903.1;ATP66904.1
KY196496	Rift Valley fever virus	NA	S	NA	NA	NA	nonstructural protein;nucleocapsid	AQZ54776.1;AQZ54777.1
MG659740	Rift Valley fever virus	NA	M	NA	NA	NA	glycoprotein	AYA44347.1
KX944821	Rift Valley fever virus	NA	S	NA	NA	NA	nonstructural protein;nucleocapsid protein	ATP66927.1;ATP66928.1
MG659952	Rift Valley fever virus	NA	S	NA	NA	NA	nonstructural protein;nucleocapsid	AYA44606.1;AYA44607.1
MG659805	Rift Valley fever virus	NA	M	NA	NA	NA	glycoprotein	AYA44412.1
EU312120	Rift Valley fever virus	NA	S	NA	NA	NA	NSs;NP	ACA14388.1;ACA14389.1
MG659759	Rift Valley fever virus	NA	M	NA	NA	NA	glycoprotein	AYA44366.1
KX944819	Rift Valley fever virus	NA	S	NA	NA	NA	nonstructural protein;nucleocapsid protein	ATP66923.1;ATP66924.1
DQ375428	Rift Valley fever virus	NA	L	NA	NA	NA	polymerase	ABD51532.1
MG659766	Rift Valley fever virus	NA	M	NA	NA	NA	glycoprotein	AYA44373.1
MG659961	Rift Valley fever virus	NA	S	NA	NA	NA	nonstructural protein;nucleocapsid	AYA44624.1;AYA44625.1
MG659861	Rift Valley fever virus	NA	L	NA	NA	NA	polymerase	AYA44468.1
MG659886	Rift Valley fever virus	NA	L	NA	NA	NA	polymerase	AYA44493.1
MG659925	Rift Valley fever virus	NA	S	NA	NA	NA	nonstructural protein;nucleocapsid	AYA44552.1;AYA44553.1
KY196493	Rift Valley fever virus	NA	S	NA	NA	NA	nonstructural protein;nucleocapsid	AQZ54770.1;AQZ54771.1
MG659982	Rift Valley fever virus	NA	S	NA	NA	NA	nonstructural protein;nucleocapsid	AYA44666.1;AYA44667.1
MG659828	Rift Valley fever virus	NA	L	NA	NA	NA	polymerase	AYA44435.1
MG659852	Rift Valley fever virus	NA	L	NA	NA	NA	polymerase	AYA44459.1
KX944871	Rift Valley fever virus	NA	L	NA	NA	NA	polymerase	AVG71055.1
MG659950	Rift Valley fever virus	NA	S	NA	NA	NA	nonstructural protein;nucleocapsid	AYA44602.1;AYA44603.1
KX944847	Rift Valley fever virus	NA	M	NA	NA	NA	glycoprotein	ATP66958.1
MG659928	Rift Valley fever virus	NA	S	NA	NA	NA	nonstructural protein;nucleocapsid	AYA44558.1;AYA44559.1
MG659796	Rift Valley fever virus	NA	M	NA	NA	NA	glycoprotein	AYA44403.1
MG659748	Rift Valley fever virus	NA	M	NA	NA	NA	glycoprotein	AYA44355.1
KY126666	Rift Valley fever virus	NA	L	NA	NA	NA	polymerase	AQZ54709.1
MG659768	Rift Valley fever virus	NA	M	NA	NA	NA	glycoprotein	AYA44375.1
MG659847	Rift Valley fever virus	NA	L	NA	NA	NA	polymerase	AYA44454.1
KX944862	Rift Valley fever virus	NA	L	NA	NA	NA	polymerase	AVG71046.1
MG659756	Rift Valley fever virus	NA	M	NA	NA	NA	glycoprotein	AYA44363.1
MG659940	Rift Valley fever virus	NA	S	NA	NA	NA	nonstructural protein;nucleocapsid	AYA44582.1;AYA44583.1
MG659977	Rift Valley fever virus	NA	S	NA	NA	NA	nonstructural protein;nucleocapsid	AYA44656.1;AYA44657.1
DQ380158	Rift Valley fever virus	NA	S	NA	NA	NA	non-structural protein;nucleocapsid	ABD38746.1;ABD38747.1
MG659776	Rift Valley fever virus	NA	M	NA	NA	NA	glycoprotein	AYA44383.1
MG659954	Rift Valley fever virus	NA	S	NA	NA	NA	nonstructural protein;nucleocapsid	AYA44610.1;AYA44611.1
MG659884	Rift Valley fever virus	NA	L	NA	NA	NA	polymerase	AYA44491.1
KY126701	Rift Valley fever virus	NA	M	NA	NA	NA	glycoprotein	AQZ54744.1
KX944865	Rift Valley fever virus	NA	L	NA	NA	NA	polymerase	AVG71049.1
KY196501	Rift Valley fever virus	NA	S	NA	NA	NA	nonstructural protein;nucleocapsid	AQZ54786.1;AQZ54787.1
KX944856	Rift Valley fever virus	NA	L	NA	NA	NA	polymerase	AVG71040.1
DQ380189	Rift Valley fever virus	NA	M	NA	NA	NA	glycoprotein	ABD38802.1
KY126669	Rift Valley fever virus	NA	L	NA	NA	NA	polymerase	AQZ54712.1
MG659849	Rift Valley fever virus	NA	L	NA	NA	NA	polymerase	AYA44456.1
MG659832	Rift Valley fever virus	NA	L	NA	NA	NA	polymerase	AYA44439.1
KY126714	Rift Valley fever virus	NA	M	NA	NA	NA	glycoprotein	AQZ54757.1
KX944838	Rift Valley fever virus	NA	M	NA	NA	NA	glycoprotein	ATP66949.1
MG659741	Rift Valley fever virus	NA	M	NA	NA	NA	glycoprotein	AYA44348.1
KJ782456	Rift Valley fever virus	NA	M	NA	NA	NA	glycoprotein	AJQ19496.1
MG659968	Rift Valley fever virus	NA	S	NA	NA	NA	nonstructural protein;nucleocapsid	AYA44638.1;AYA44639.1
MG659769	Rift Valley fever virus	NA	M	NA	NA	NA	glycoprotein	AYA44376.1
KY196492	Rift Valley fever virus	NA	S	NA	NA	NA	nonstructural protein;nucleocapsid	AQZ54768.1;AQZ54769.1
KX944831	Rift Valley fever virus	NA	M	NA	NA	NA	glycoprotein	ATP66942.1
MG659789	Rift Valley fever virus	NA	M	NA	NA	NA	glycoprotein	AYA44396.1
MG659824	Rift Valley fever virus	NA	L	NA	NA	NA	polymerase	AYA44431.1
MG659892	Rift Valley fever virus	NA	L	NA	NA	NA	polymerase	AYA44499.1
MG659949	Rift Valley fever virus	NA	S	NA	NA	NA	nonstructural protein;nucleocapsid	AYA44600.1;AYA44601.1
KX944846	Rift Valley fever virus	NA	M	NA	NA	NA	glycoprotein	ATP66957.1
MG659799	Rift Valley fever virus	NA	M	NA	NA	NA	glycoprotein	AYA44406.1
MG659742	Rift Valley fever virus	NA	M	NA	NA	NA	glycoprotein	AYA44349.1
MG659923	Rift Valley fever virus	NA	S	NA	NA	NA	nonstructural protein;nucleocapsid	AYA44548.1;AYA44549.1
KX944822	Rift Valley fever virus	NA	S	NA	NA	NA	nonstructural protein;nucleocapsid protein	ATP66929.1;ATP66930.1
KJ782455	Rift Valley fever virus	NA	S	NA	NA	NA	nonstructural protein;nucleocapsid	AJQ19494.1;AJQ19495.1
MG659802	Rift Valley fever virus	NA	M	NA	NA	NA	glycoprotein	AYA44409.1
MG659823	Rift Valley fever virus	NA	L	NA	NA	NA	polymerase	AYA44430.1
MG659792	Rift Valley fever virus	NA	M	NA	NA	NA	glycoprotein	AYA44399.1
MG659978	Rift Valley fever virus	NA	S	NA	NA	NA	nonstructural protein;nucleocapsid	AYA44658.1;AYA44659.1
KX944854	Rift Valley fever virus	NA	L	NA	NA	NA	polymerase	AVG71038.1
KX944817	Rift Valley fever virus	NA	S	NA	NA	NA	nonstructural protein;nucleocapsid protein	ATP66919.1;ATP66920.1
MG659767	Rift Valley fever virus	NA	M	NA	NA	NA	glycoprotein	AYA44374.1
MG659794	Rift Valley fever virus	NA	M	NA	NA	NA	glycoprotein	AYA44401.1
DQ380195	Rift Valley fever virus	NA	M	NA	NA	NA	glycoprotein	ABD38808.1
KX944858	Rift Valley fever virus	NA	L	NA	NA	NA	polymerase	AVG71042.1
MG659829	Rift Valley fever virus	NA	L	NA	NA	NA	polymerase	AYA44436.1
MG659947	Rift Valley fever virus	NA	S	NA	NA	NA	nonstructural protein;nucleocapsid	AYA44596.1;AYA44597.1
MG659749	Rift Valley fever virus	NA	M	NA	NA	NA	glycoprotein	AYA44356.1
DQ375415	Rift Valley fever virus	NA	L	NA	NA	NA	polymerase	ABD51519.1
MG659966	Rift Valley fever virus	NA	S	NA	NA	NA	nonstructural protein;nucleocapsid	AYA44634.1;AYA44635.1
KY126673	Rift Valley fever virus	NA	L	NA	NA	NA	polymerase	AQZ54716.1
MG659826	Rift Valley fever virus	NA	L	NA	NA	NA	polymerase	AYA44433.1
MG659909	Rift Valley fever virus	NA	S	NA	NA	NA	nonstructural protein;nucleocapsid	AYA44520.1;AYA44521.1
OP146110	Rift Valley fever virus	NA	L	NA	NA	NA	polymerase	WEU75152.1
DQ380182	Rift Valley fever virus	NA	S	NA	NA	NA	non-structural protein;nucleocapsid	ABD38794.1;ABD38795.1
MG659872	Rift Valley fever virus	NA	L	NA	NA	NA	polymerase	AYA44479.1
MG659825	Rift Valley fever virus	NA	L	NA	NA	NA	polymerase	AYA44432.1
MG659873	Rift Valley fever virus	NA	L	NA	NA	NA	polymerase	AYA44480.1
MG659894	Rift Valley fever virus	NA	L	NA	NA	NA	polymerase	AYA44501.1
MG659755	Rift Valley fever virus	NA	M	NA	NA	NA	glycoprotein	AYA44362.1
MG659958	Rift Valley fever virus	NA	S	NA	NA	NA	nonstructural protein;nucleocapsid	AYA44618.1;AYA44619.1
KX944829	Rift Valley fever virus	NA	M	NA	NA	NA	glycoprotein	ATP66940.1
MG659753	Rift Valley fever virus	NA	M	NA	NA	NA	glycoprotein	AYA44360.1
MG659863	Rift Valley fever virus	NA	L	NA	NA	NA	polymerase	AYA44470.1
MG659840	Rift Valley fever virus	NA	L	NA	NA	NA	polymerase	AYA44447.1
MG659843	Rift Valley fever virus	NA	L	NA	NA	NA	polymerase	AYA44450.1
MG659935	Rift Valley fever virus	NA	S	NA	NA	NA	nonstructural protein;nucleocapsid	AYA44572.1;AYA44573.1
KX944813	Rift Valley fever virus	NA	S	NA	NA	NA	nonstructural protein;nucleocapsid protein	ATP66911.1;ATP66912.1
KU978773	Rift Valley fever virus	NA	S	NA	NA	NA	hypothetical protein;nucleocapsid protein	AMZ00432.1;AMZ00433.1
KY196508	Rift Valley fever virus	NA	S	NA	NA	NA	nonstructural protein;nucleocapsid	AQZ54800.1;AQZ54801.1
KY126712	Rift Valley fever virus	NA	M	NA	NA	NA	glycoprotein	AQZ54755.1
KY126707	Rift Valley fever virus	NA	M	NA	NA	NA	glycoprotein	AQZ54750.1
MG659735	Rift Valley fever virus	NA	M	NA	NA	NA	glycoprotein	AYA44342.1
MG659786	Rift Valley fever virus	NA	M	NA	NA	NA	glycoprotein	AYA44393.1
MG659963	Rift Valley fever virus	NA	S	NA	NA	NA	nonstructural protein;nucleocapsid	AYA44628.1;AYA44629.1
MG659973	Rift Valley fever virus	NA	S	NA	NA	NA	nonstructural protein;nucleocapsid	AYA44648.1;AYA44649.1
MG659905	Rift Valley fever virus	NA	S	NA	NA	NA	nonstructural protein;nucleocapsid	AYA44512.1;AYA44513.1
MG659838	Rift Valley fever virus	NA	L	NA	NA	NA	polymerase	AYA44445.1
MG659913	Rift Valley fever virus	NA	S	NA	NA	NA	nonstructural protein;nucleocapsid	AYA44528.1;AYA44529.1
OP146112	Rift Valley fever virus	NA	S	NA	NA	NA	nonstructural protein;nucleocapsid	WEU75160.1;WEU75161.1
MG659791	Rift Valley fever virus	NA	M	NA	NA	NA	glycoprotein	AYA44398.1
OP146104	Rift Valley fever virus	NA	L	NA	NA	NA	polymerase	WEU75150.1
MG659964	Rift Valley fever virus	NA	S	NA	NA	NA	nonstructural protein;nucleocapsid	AYA44630.1;AYA44631.1
EU709748	Rift Valley fever virus	NA	S	NA	NA	NA	non-structural protein;nucleocapsid protein	ACH72463.1;ACH72464.1
MG659979	Rift Valley fever virus	NA	S	NA	NA	NA	nonstructural protein;nucleocapsid	AYA44660.1;AYA44661.1
KX944860	Rift Valley fever virus	NA	L	NA	NA	NA	polymerase	AVG71044.1
MG659911	Rift Valley fever virus	NA	S	NA	NA	NA	nonstructural protein;nucleocapsid	AYA44524.1;AYA44525.1
MG659841	Rift Valley fever virus	NA	L	NA	NA	NA	polymerase	AYA44448.1
KY126700	Rift Valley fever virus	NA	M	NA	NA	NA	glycoprotein	AQZ54743.1
MG659784	Rift Valley fever virus	NA	M	NA	NA	NA	glycoprotein	AYA44391.1
KY126685	Rift Valley fever virus	NA	L	NA	NA	NA	polymerase	AQZ54728.1
EU312114	Rift Valley fever virus	NA	S	NA	NA	NA	NSs;NP	ACA14376.1;ACA14377.1
MG659790	Rift Valley fever virus	NA	M	NA	NA	NA	glycoprotein	AYA44397.1
KX944811	Rift Valley fever virus	NA	S	NA	NA	NA	nonstructural protein;nucleocapsid protein	ATP66907.1;ATP66908.1
KY126698	Rift Valley fever virus	NA	M	NA	NA	NA	glycoprotein	AQZ54741.1
MG659793	Rift Valley fever virus	NA	M	NA	NA	NA	glycoprotein	AYA44400.1
MG659910	Rift Valley fever virus	NA	S	NA	NA	NA	nonstructural protein;nucleocapsid	AYA44522.1;AYA44523.1
KX944810	Rift Valley fever virus	NA	S	NA	NA	NA	nonstructural protein;nucleocapsid protein	ATP66905.1;ATP66906.1
MG659773	Rift Valley fever virus	NA	M	NA	NA	NA	glycoprotein	AYA44380.1
MG659831	Rift Valley fever virus	NA	L	NA	NA	NA	polymerase	AYA44438.1
MG659801	Rift Valley fever virus	NA	M	NA	NA	NA	glycoprotein	AYA44408.1
MG659937	Rift Valley fever virus	NA	S	NA	NA	NA	nonstructural protein;nucleocapsid	AYA44576.1;AYA44577.1
DQ375422	Rift Valley fever virus	NA	L	NA	NA	NA	polymerase	ABD51526.1
MG659803	Rift Valley fever virus	NA	M	NA	NA	NA	glycoprotein	AYA44410.1
MG659836	Rift Valley fever virus	NA	L	NA	NA	NA	polymerase	AYA44443.1
KY126690	Rift Valley fever virus	NA	M	NA	NA	NA	glycoprotein	AQZ54733.1
MG659955	Rift Valley fever virus	NA	S	NA	NA	NA	nonstructural protein;nucleocapsid	AYA44612.1;AYA44613.1
KY126687	Rift Valley fever virus	NA	L	NA	NA	NA	polymerase	AQZ54730.1
MG659778	Rift Valley fever virus	NA	M	NA	NA	NA	glycoprotein	AYA44385.1
MG659957	Rift Valley fever virus	NA	S	NA	NA	NA	nonstructural protein;nucleocapsid	AYA44616.1;AYA44617.1
MG659807	Rift Valley fever virus	NA	M	NA	NA	NA	glycoprotein	AYA44414.1
MG659980	Rift Valley fever virus	NA	S	NA	NA	NA	nonstructural protein;nucleocapsid	AYA44662.1;AYA44663.1
EU312111	Rift Valley fever virus	NA	S	NA	NA	NA	NSs;NP	ACA14370.1;ACA14371.1
DQ380175	Rift Valley fever virus	NA	S	NA	NA	NA	non-structural protein;nucleocapsid	ABD38780.1;ABD38781.1
KX944830	Rift Valley fever virus	NA	M	NA	NA	NA	glycoprotein	ATP66941.1
MG659834	Rift Valley fever virus	NA	L	NA	NA	NA	polymerase	AYA44441.1
OP146111	Rift Valley fever virus	NA	M	NA	NA	NA	glycoprotein	WEU75155.1
KY196497	Rift Valley fever virus	NA	S	NA	NA	NA	nonstructural protein;nucleocapsid	AQZ54778.1;AQZ54779.1
KX944837	Rift Valley fever virus	NA	M	NA	NA	NA	glycoprotein	ATP66948.1
MG659771	Rift Valley fever virus	NA	M	NA	NA	NA	glycoprotein	AYA44378.1
MG659924	Rift Valley fever virus	NA	S	NA	NA	NA	nonstructural protein;nucleocapsid	AYA44550.1;AYA44551.1
MG659896	Rift Valley fever virus	NA	L	NA	NA	NA	polymerase	AYA44503.1
DQ380211	Rift Valley fever virus	NA	M	NA	NA	NA	glycoprotein	ABD38824.1
